id;title;url;icon;background_card;is_active;priority
1;peacoat naughty;https://ultimate-comics.org;warm oh er;more;true;16787
2;overjoyed adventurously concerning;https://knobby-bullet.name;concerning unless;useless;false;21337
3;tweet;https://witty-manicure.name;fatally wiry;infinite;false;14075
4;per if;https://offbeat-assassination.com;duh amongst;beside elderly;true;25154
5;beef where;https://front-fingerling.biz/;shirk huzzah immortalise;boohoo;false;9764
6;multicolored;https://safe-universe.biz/;boo supposing broker;unless;true;14274
7;until amongst intently;https://serious-user.name;consequently lacquer blah;limp;false;10628
8;validity;https://unsteady-chairman.com;creativity packaging;throughout but;true;10692
9;notwithstanding;https://pushy-consul.biz/;maracas stealthily;bold quarrelsomely;true;10043
10;train speedily;https://illiterate-canteen.name/;hmph powerfully frenetically;if civilize how;true;17368
